"","Df","SumOfSqs","R2","F","Pr(>F)"
"TimePoint",3,0.0318898173827135,0.279020814066365,2.73301433745033,0.06
"Treatment",1,0.017759763491297,0.155389527870233,4.56613040478736,0.112
"TimePoint:Treatment",2,0.0101899288167729,0.0891570559847573,1.30994266381099,0.259
"Residual",14,0.0544523845875,0.476432602078645,NA,NA
"Total",20,0.114291894278283,1,NA,NA
