"","Df","SumOfSqs","R2","F","Pr(>F)"
"TimePoint",3,0.0402070553418652,0.288613115373294,2.8343211010174,0.057
"Treatment",1,0.0206441833490666,0.148187476552348,4.36581918138678,0.104
"TimePoint:Treatment",2,0.0122597101513871,0.0880022948778642,1.29633797646899,0.256
"Residual",14,0.0662003062607664,0.475197113196493,NA,NA
"Total",20,0.139311255103085,1,NA,NA
