"","Df","SumOfSqs","R2","F","Pr(>F)"
"TimePoint",3,0.00893622994302609,0.322567984854535,1.99200844894897,0.104712041884817
"Treatment",1,0.00460616604878575,0.166267174159023,3.08033311976392,0.146596858638743
"TimePoint:Treatment",2,0.0036935770163784,0.133325765191171,1.23502360677471,0.151832460732984
"Residual",7,0.0104674270891752,0.377839075795271,NA,NA
"Total",13,0.0277034000973654,1,NA,NA
